[{"model": "admin.logentry", "pk": 1, "fields": {"action_time": "2024-07-19T12:32:32.964Z", "user": 1, "content_type": 7, "object_id": "2", "object_repr": "jjhdsfh", "action_flag": 1, "change_message": "[{\"added\": {}}]"}}, {"model": "admin.logentry", "pk": 2, "fields": {"action_time": "2024-07-19T12:34:03.636Z", "user": 1, "content_type": 9, "object_id": "1", "object_repr": "wood", "action_flag": 1, "change_message": "[{\"added\": {}}]"}}, {"model": "admin.logentry", "pk": 3, "fields": {"action_time": "2024-07-19T12:34:11.475Z", "user": 1, "content_type": 8, "object_id": "1", "object_repr": "white", "action_flag": 1, "change_message": "[{\"added\": {}}]"}}, {"model": "admin.logentry", "pk": 4, "fields": {"action_time": "2024-07-19T12:34:56.305Z", "user": 1, "content_type": 10, "object_id": "1", "object_repr": "monica", "action_flag": 1, "change_message": "[{\"added\": {}}, {\"added\": {\"name\": \"product image\", \"object\": \"products/12_7gvYRtS.jpg\"}}, {\"added\": {\"name\": \"product image\", \"object\": \"products/33.jpg\"}}, {\"added\": {\"name\": \"product image\", \"object\": \"products/13_8iegrSS.jpg\"}}]"}}, {"model": "admin.logentry", "pk": 5, "fields": {"action_time": "2024-07-19T13:01:47.850Z", "user": 1, "content_type": 7, "object_id": "2", "object_repr": "jjhdsfh", "action_flag": 2, "change_message": "[{\"changed\": {\"fields\": [\"Is main\"]}}]"}}, {"model": "admin.logentry", "pk": 6, "fields": {"action_time": "2024-07-19T13:08:18.621Z", "user": 1, "content_type": 7, "object_id": "1", "object_repr": "default collection", "action_flag": 2, "change_message": "[{\"changed\": {\"fields\": [\"Is main\"]}}]"}}, {"model": "admin.logentry", "pk": 7, "fields": {"action_time": "2024-07-19T13:08:23.793Z", "user": 1, "content_type": 7, "object_id": "2", "object_repr": "jjhdsfh", "action_flag": 2, "change_message": "[{\"changed\": {\"fields\": [\"Is main\"]}}]"}}, {"model": "admin.logentry", "pk": 8, "fields": {"action_time": "2024-07-19T13:08:23.796Z", "user": 1, "content_type": 7, "object_id": "1", "object_repr": "default collection", "action_flag": 2, "change_message": "[{\"changed\": {\"fields\": [\"Is main\"]}}]"}}, {"model": "admin.logentry", "pk": 9, "fields": {"action_time": "2024-07-19T13:08:27.343Z", "user": 1, "content_type": 7, "object_id": "1", "object_repr": "default collection", "action_flag": 2, "change_message": "[{\"changed\": {\"fields\": [\"Is main\"]}}]"}}, {"model": "admin.logentry", "pk": 10, "fields": {"action_time": "2024-07-19T13:08:32.399Z", "user": 1, "content_type": 7, "object_id": "2", "object_repr": "jjhdsfh", "action_flag": 2, "change_message": "[{\"changed\": {\"fields\": [\"Is main\"]}}]"}}, {"model": "admin.logentry", "pk": 11, "fields": {"action_time": "2024-07-19T20:13:52.802Z", "user": 1, "content_type": 10, "object_id": "1", "object_repr": "monica", "action_flag": 2, "change_message": "[{\"changed\": {\"fields\": [\"Main image\"]}}]"}}, {"model": "admin.logentry", "pk": 12, "fields": {"action_time": "2024-07-19T21:03:47.213Z", "user": 1, "content_type": 7, "object_id": "2", "object_repr": "MID CENTURY XXI", "action_flag": 2, "change_message": "[{\"changed\": {\"fields\": [\"Name\", \"Description\", \"Main image\"]}}]"}}, {"model": "admin.logentry", "pk": 13, "fields": {"action_time": "2024-07-19T21:07:34.526Z", "user": 1, "content_type": 10, "object_id": "1", "object_repr": "monica", "action_flag": 2, "change_message": "[{\"changed\": {\"fields\": [\"Title\", \"Price\"]}}, {\"deleted\": {\"name\": \"product image\", \"object\": \"products/12_7gvYRtS.jpg\"}}, {\"deleted\": {\"name\": \"product image\", \"object\": \"products/33.jpg\"}}, {\"deleted\": {\"name\": \"product image\", \"object\": \"products/13_8iegrSS.jpg\"}}]"}}, {"model": "admin.logentry", "pk": 14, "fields": {"action_time": "2024-07-19T21:08:38.461Z", "user": 1, "content_type": 10, "object_id": "1", "object_repr": "monica", "action_flag": 2, "change_message": "[{\"added\": {\"name\": \"product image\", \"object\": \"products/12.webp\"}}, {\"added\": {\"name\": \"product image\", \"object\": \"products/13.webp\"}}, {\"added\": {\"name\": \"product image\", \"object\": \"products/33.webp\"}}]"}}, {"model": "admin.logentry", "pk": 15, "fields": {"action_time": "2024-07-19T21:11:27.347Z", "user": 1, "content_type": 9, "object_id": "2", "object_repr": "Дерево", "action_flag": 1, "change_message": "[{\"added\": {}}]"}}, {"model": "admin.logentry", "pk": 16, "fields": {"action_time": "2024-07-19T21:11:41.827Z", "user": 1, "content_type": 8, "object_id": "2", "object_repr": "Коричневый", "action_flag": 1, "change_message": "[{\"added\": {}}]"}}, {"model": "admin.logentry", "pk": 17, "fields": {"action_time": "2024-07-19T21:12:13.953Z", "user": 1, "content_type": 10, "object_id": "1", "object_repr": "monica", "action_flag": 2, "change_message": "[{\"changed\": {\"fields\": [\"Main image\", \"Description\", \"Year created\", \"Size\", \"Materials\", \"Colors\"]}}]"}}, {"model": "admin.logentry", "pk": 18, "fields": {"action_time": "2024-07-20T17:51:06.018Z", "user": 1, "content_type": 9, "object_id": "3", "object_repr": "кожа", "action_flag": 1, "change_message": "[{\"added\": {}}]"}}, {"model": "admin.logentry", "pk": 19, "fields": {"action_time": "2024-07-20T17:52:33.685Z", "user": 1, "content_type": 10, "object_id": "2", "object_repr": "ameli", "action_flag": 1, "change_message": "[{\"added\": {}}, {\"added\": {\"name\": \"product image\", \"object\": \"products/IMG_20240720_205214_452.jpg\"}}]"}}, {"model": "admin.logentry", "pk": 20, "fields": {"action_time": "2024-07-20T17:53:06.535Z", "user": 1, "content_type": 10, "object_id": "2", "object_repr": "ameli", "action_flag": 2, "change_message": "[{\"changed\": {\"fields\": [\"Main image\"]}}]"}}, {"model": "admin.logentry", "pk": 21, "fields": {"action_time": "2024-07-21T17:01:39.861Z", "user": 1, "content_type": 10, "object_id": "2", "object_repr": "ameli", "action_flag": 2, "change_message": "[{\"changed\": {\"fields\": [\"Title\"]}}, {\"added\": {\"name\": \"product image\", \"object\": \"products/22.webp\"}}]"}}, {"model": "admin.logentry", "pk": 22, "fields": {"action_time": "2024-07-21T17:01:49.355Z", "user": 1, "content_type": 8, "object_id": "1", "object_repr": "white", "action_flag": 3, "change_message": ""}}, {"model": "admin.logentry", "pk": 23, "fields": {"action_time": "2024-07-21T17:01:57.833Z", "user": 1, "content_type": 9, "object_id": "1", "object_repr": "wood", "action_flag": 3, "change_message": ""}}, {"model": "admin.logentry", "pk": 24, "fields": {"action_time": "2024-07-21T17:02:05.046Z", "user": 1, "content_type": 9, "object_id": "3", "object_repr": "Кожа", "action_flag": 2, "change_message": "[{\"changed\": {\"fields\": [\"Name\"]}}]"}}, {"model": "admin.logentry", "pk": 25, "fields": {"action_time": "2024-07-21T17:02:17.328Z", "user": 1, "content_type": 10, "object_id": "1", "object_repr": "monica", "action_flag": 2, "change_message": "[{\"changed\": {\"fields\": [\"Title\"]}}]"}}, {"model": "admin.logentry", "pk": 26, "fields": {"action_time": "2024-07-23T17:17:22.045Z", "user": 1, "content_type": 9, "object_id": "4", "object_repr": "Металл", "action_flag": 1, "change_message": "[{\"added\": {}}]"}}, {"model": "admin.logentry", "pk": 27, "fields": {"action_time": "2024-07-23T17:17:27.162Z", "user": 1, "content_type": 9, "object_id": "5", "object_repr": "Стекло", "action_flag": 1, "change_message": "[{\"added\": {}}]"}}, {"model": "admin.logentry", "pk": 28, "fields": {"action_time": "2024-07-23T17:17:37.246Z", "user": 1, "content_type": 9, "object_id": "6", "object_repr": "Ткань", "action_flag": 1, "change_message": "[{\"added\": {}}]"}}, {"model": "admin.logentry", "pk": 29, "fields": {"action_time": "2024-07-23T17:17:43.927Z", "user": 1, "content_type": 9, "object_id": "7", "object_repr": "Камень", "action_flag": 1, "change_message": "[{\"added\": {}}]"}}, {"model": "admin.logentry", "pk": 30, "fields": {"action_time": "2024-07-23T17:18:20.011Z", "user": 1, "content_type": 8, "object_id": "2", "object_repr": "Красный", "action_flag": 2, "change_message": "[{\"changed\": {\"fields\": [\"Name\"]}}]"}}, {"model": "admin.logentry", "pk": 31, "fields": {"action_time": "2024-07-23T17:18:24.739Z", "user": 1, "content_type": 8, "object_id": "3", "object_repr": "Синий", "action_flag": 1, "change_message": "[{\"added\": {}}]"}}, {"model": "admin.logentry", "pk": 32, "fields": {"action_time": "2024-07-23T17:18:30.274Z", "user": 1, "content_type": 8, "object_id": "4", "object_repr": "Желтый", "action_flag": 1, "change_message": "[{\"added\": {}}]"}}, {"model": "admin.logentry", "pk": 33, "fields": {"action_time": "2024-07-23T17:18:36.166Z", "user": 1, "content_type": 8, "object_id": "5", "object_repr": "Зеленый", "action_flag": 1, "change_message": "[{\"added\": {}}]"}}, {"model": "admin.logentry", "pk": 34, "fields": {"action_time": "2024-07-23T17:18:43.281Z", "user": 1, "content_type": 8, "object_id": "6", "object_repr": "Оранжевый", "action_flag": 1, "change_message": "[{\"added\": {}}]"}}, {"model": "admin.logentry", "pk": 35, "fields": {"action_time": "2024-07-23T17:18:49.095Z", "user": 1, "content_type": 8, "object_id": "7", "object_repr": "Фиолетовый", "action_flag": 1, "change_message": "[{\"added\": {}}]"}}, {"model": "admin.logentry", "pk": 36, "fields": {"action_time": "2024-07-23T17:19:12.972Z", "user": 1, "content_type": 8, "object_id": "8", "object_repr": "Коричневый", "action_flag": 1, "change_message": "[{\"added\": {}}]"}}, {"model": "admin.logentry", "pk": 37, "fields": {"action_time": "2024-07-23T17:38:35.743Z", "user": 1, "content_type": 10, "object_id": "2", "object_repr": "ameli", "action_flag": 3, "change_message": ""}}, {"model": "admin.logentry", "pk": 38, "fields": {"action_time": "2024-07-23T17:38:35.749Z", "user": 1, "content_type": 10, "object_id": "1", "object_repr": "monica", "action_flag": 3, "change_message": ""}}, {"model": "admin.logentry", "pk": 39, "fields": {"action_time": "2024-07-23T18:36:31.389Z", "user": 1, "content_type": 10, "object_id": "3", "object_repr": "Arthur", "action_flag": 1, "change_message": "[{\"added\": {}}, {\"added\": {\"name\": \"product image\", \"object\": \"products/Arthur.jpg\"}}, {\"added\": {\"name\": \"product image\", \"object\": \"products/Arthur_2.jpg\"}}, {\"added\": {\"name\": \"product image\", \"object\": \"products/Arthur_3.jpg\"}}]"}}, {"model": "admin.logentry", "pk": 40, "fields": {"action_time": "2024-07-23T18:37:57.681Z", "user": 1, "content_type": 10, "object_id": "3", "object_repr": "Arthur", "action_flag": 2, "change_message": "[{\"changed\": {\"fields\": [\"Main image\"]}}]"}}, {"model": "admin.logentry", "pk": 41, "fields": {"action_time": "2024-07-23T18:41:23.467Z", "user": 1, "content_type": 10, "object_id": "4", "object_repr": "Solace", "action_flag": 1, "change_message": "[{\"added\": {}}, {\"added\": {\"name\": \"product image\", \"object\": \"products/Solace.jpg\"}}, {\"added\": {\"name\": \"product image\", \"object\": \"products/Solace_2.jpg\"}}]"}}, {"model": "admin.logentry", "pk": 42, "fields": {"action_time": "2024-07-23T18:41:31.417Z", "user": 1, "content_type": 10, "object_id": "4", "object_repr": "Solace", "action_flag": 2, "change_message": "[{\"changed\": {\"fields\": [\"Main image\"]}}]"}}, {"model": "admin.logentry", "pk": 43, "fields": {"action_time": "2024-07-23T18:59:42.322Z", "user": 1, "content_type": 10, "object_id": "5", "object_repr": "Grace", "action_flag": 1, "change_message": "[{\"added\": {}}, {\"added\": {\"name\": \"product image\", \"object\": \"products/Grace.jpg\"}}, {\"added\": {\"name\": \"product image\", \"object\": \"products/Grace_2.jpg\"}}]"}}, {"model": "admin.logentry", "pk": 44, "fields": {"action_time": "2024-07-23T18:59:47.768Z", "user": 1, "content_type": 10, "object_id": "5", "object_repr": "Grace", "action_flag": 2, "change_message": "[{\"changed\": {\"fields\": [\"Main image\"]}}]"}}, {"model": "admin.logentry", "pk": 45, "fields": {"action_time": "2024-07-23T19:05:44.291Z", "user": 1, "content_type": 7, "object_id": "3", "object_repr": "Reverberation", "action_flag": 1, "change_message": "[{\"added\": {}}]"}}, {"model": "admin.logentry", "pk": 46, "fields": {"action_time": "2024-07-23T19:06:08.300Z", "user": 1, "content_type": 10, "object_id": "6", "object_repr": "Aurora", "action_flag": 1, "change_message": "[{\"added\": {}}, {\"added\": {\"name\": \"product image\", \"object\": \"products/Aurora.jpg\"}}]"}}, {"model": "admin.logentry", "pk": 47, "fields": {"action_time": "2024-07-23T19:06:13.452Z", "user": 1, "content_type": 10, "object_id": "6", "object_repr": "Aurora", "action_flag": 2, "change_message": "[{\"changed\": {\"fields\": [\"Main image\"]}}]"}}, {"model": "admin.logentry", "pk": 48, "fields": {"action_time": "2024-07-23T19:09:57.057Z", "user": 1, "content_type": 8, "object_id": "9", "object_repr": "Серый", "action_flag": 1, "change_message": "[{\"added\": {}}]"}}, {"model": "admin.logentry", "pk": 49, "fields": {"action_time": "2024-07-23T19:10:10.953Z", "user": 1, "content_type": 10, "object_id": "7", "object_repr": "Versa", "action_flag": 1, "change_message": "[{\"added\": {}}, {\"added\": {\"name\": \"product image\", \"object\": \"products/Versa.jpg\"}}, {\"added\": {\"name\": \"product image\", \"object\": \"products/Versa_2.jpg\"}}, {\"added\": {\"name\": \"product image\", \"object\": \"products/Versa_3.jpg\"}}]"}}, {"model": "admin.logentry", "pk": 50, "fields": {"action_time": "2024-07-23T19:10:15.785Z", "user": 1, "content_type": 10, "object_id": "7", "object_repr": "Versa", "action_flag": 2, "change_message": "[{\"changed\": {\"fields\": [\"Main image\"]}}]"}}, {"model": "admin.logentry", "pk": 51, "fields": {"action_time": "2024-07-23T19:14:26.743Z", "user": 1, "content_type": 10, "object_id": "8", "object_repr": "Linear Harmony", "action_flag": 1, "change_message": "[{\"added\": {}}, {\"added\": {\"name\": \"product image\", \"object\": \"products/Linear_Harmony.jpg\"}}, {\"added\": {\"name\": \"product image\", \"object\": \"products/Linear_Harmony_2.jpg\"}}, {\"added\": {\"name\": \"product image\", \"object\": \"products/Linear_Harmony_3.jpg\"}}, {\"added\": {\"name\": \"product image\", \"object\": \"products/Linear_Harmony_4.jpg\"}}, {\"added\": {\"name\": \"product image\", \"object\": \"products/Linear_Harmony_5.jpg\"}}, {\"added\": {\"name\": \"product image\", \"object\": \"products/Linear_Harmony_6.jpg\"}}]"}}, {"model": "admin.logentry", "pk": 52, "fields": {"action_time": "2024-07-23T19:14:32.381Z", "user": 1, "content_type": 10, "object_id": "8", "object_repr": "Linear Harmony", "action_flag": 2, "change_message": "[{\"changed\": {\"fields\": [\"Main image\"]}}]"}}, {"model": "admin.logentry", "pk": 53, "fields": {"action_time": "2024-07-23T19:15:06.681Z", "user": 1, "content_type": 10, "object_id": "6", "object_repr": "Aurora", "action_flag": 2, "change_message": "[{\"changed\": {\"fields\": [\"Year created\"]}}]"}}, {"model": "admin.logentry", "pk": 54, "fields": {"action_time": "2024-07-23T19:15:06.683Z", "user": 1, "content_type": 10, "object_id": "5", "object_repr": "Grace", "action_flag": 2, "change_message": "[{\"changed\": {\"fields\": [\"Year created\"]}}]"}}, {"model": "admin.logentry", "pk": 55, "fields": {"action_time": "2024-07-23T19:20:20.888Z", "user": 1, "content_type": 10, "object_id": "9", "object_repr": "Redwood", "action_flag": 1, "change_message": "[{\"added\": {}}, {\"added\": {\"name\": \"product image\", \"object\": \"products/Redwood.jpg\"}}, {\"added\": {\"name\": \"product image\", \"object\": \"products/Redwood_2.jpg\"}}]"}}, {"model": "admin.logentry", "pk": 56, "fields": {"action_time": "2024-07-23T19:20:25.068Z", "user": 1, "content_type": 10, "object_id": "9", "object_repr": "Redwood", "action_flag": 2, "change_message": "[{\"changed\": {\"fields\": [\"Main image\"]}}]"}}, {"model": "admin.logentry", "pk": 57, "fields": {"action_time": "2024-07-23T19:20:44.796Z", "user": 1, "content_type": 10, "object_id": "7", "object_repr": "Versa", "action_flag": 2, "change_message": "[{\"changed\": {\"fields\": [\"Main image\"]}}]"}}, {"model": "admin.logentry", "pk": 58, "fields": {"action_time": "2024-07-23T19:27:49.235Z", "user": 1, "content_type": 10, "object_id": "10", "object_repr": "Aurelius", "action_flag": 1, "change_message": "[{\"added\": {}}, {\"added\": {\"name\": \"product image\", \"object\": \"products/Aurelius.jpg\"}}]"}}, {"model": "admin.logentry", "pk": 59, "fields": {"action_time": "2024-07-23T19:28:08.313Z", "user": 1, "content_type": 10, "object_id": "10", "object_repr": "Aurelius", "action_flag": 2, "change_message": "[{\"changed\": {\"fields\": [\"Main image\"]}}]"}}, {"model": "admin.logentry", "pk": 60, "fields": {"action_time": "2024-07-23T19:31:56.054Z", "user": 1, "content_type": 10, "object_id": "11", "object_repr": "Flow", "action_flag": 1, "change_message": "[{\"added\": {}}, {\"added\": {\"name\": \"product image\", \"object\": \"products/Flow.jpg\"}}, {\"added\": {\"name\": \"product image\", \"object\": \"products/Flow_2.jpg\"}}]"}}, {"model": "admin.logentry", "pk": 61, "fields": {"action_time": "2024-07-23T19:32:05.194Z", "user": 1, "content_type": 10, "object_id": "11", "object_repr": "Flow", "action_flag": 2, "change_message": "[{\"changed\": {\"fields\": [\"Main image\"]}}]"}}, {"model": "admin.logentry", "pk": 62, "fields": {"action_time": "2024-07-23T19:37:21.179Z", "user": 1, "content_type": 10, "object_id": "12", "object_repr": "Modern Edge", "action_flag": 1, "change_message": "[{\"added\": {}}, {\"added\": {\"name\": \"product image\", \"object\": \"products/Modern_Edge.jpg\"}}]"}}, {"model": "admin.logentry", "pk": 63, "fields": {"action_time": "2024-07-23T19:37:26.732Z", "user": 1, "content_type": 10, "object_id": "12", "object_repr": "Modern Edge", "action_flag": 2, "change_message": "[{\"changed\": {\"fields\": [\"Main image\"]}}]"}}, {"model": "admin.logentry", "pk": 64, "fields": {"action_time": "2024-07-23T19:42:00.133Z", "user": 1, "content_type": 10, "object_id": "13", "object_repr": "Ameli", "action_flag": 1, "change_message": "[{\"added\": {}}, {\"added\": {\"name\": \"product image\", \"object\": \"products/Ameli.jpg\"}}]"}}, {"model": "admin.logentry", "pk": 65, "fields": {"action_time": "2024-07-23T19:42:04.074Z", "user": 1, "content_type": 10, "object_id": "13", "object_repr": "Ameli", "action_flag": 2, "change_message": "[{\"changed\": {\"fields\": [\"Main image\"]}}]"}}, {"model": "admin.logentry", "pk": 66, "fields": {"action_time": "2024-07-23T19:47:32.701Z", "user": 1, "content_type": 10, "object_id": "14", "object_repr": "Arctic", "action_flag": 1, "change_message": "[{\"added\": {}}, {\"added\": {\"name\": \"product image\", \"object\": \"products/Arctic.jpg\"}}, {\"added\": {\"name\": \"product image\", \"object\": \"products/Arctic_2.jpg\"}}]"}}, {"model": "admin.logentry", "pk": 67, "fields": {"action_time": "2024-07-23T19:47:40.500Z", "user": 1, "content_type": 10, "object_id": "14", "object_repr": "Arctic", "action_flag": 2, "change_message": "[{\"changed\": {\"fields\": [\"Main image\"]}}]"}}, {"model": "admin.logentry", "pk": 68, "fields": {"action_time": "2024-07-23T19:50:59.011Z", "user": 1, "content_type": 10, "object_id": "15", "object_repr": "Rustic", "action_flag": 1, "change_message": "[{\"added\": {}}, {\"added\": {\"name\": \"product image\", \"object\": \"products/Rustic_.jpg\"}}, {\"added\": {\"name\": \"product image\", \"object\": \"products/Rustic__2.jpg\"}}]"}}, {"model": "admin.logentry", "pk": 69, "fields": {"action_time": "2024-07-23T19:51:08.736Z", "user": 1, "content_type": 10, "object_id": "15", "object_repr": "Rustic", "action_flag": 2, "change_message": "[{\"changed\": {\"fields\": [\"Main image\"]}}]"}}, {"model": "admin.logentry", "pk": 70, "fields": {"action_time": "2024-07-23T19:55:10.645Z", "user": 1, "content_type": 10, "object_id": "16", "object_repr": "Oasis", "action_flag": 1, "change_message": "[{\"added\": {}}, {\"added\": {\"name\": \"product image\", \"object\": \"products/Oasis.jpg\"}}, {\"added\": {\"name\": \"product image\", \"object\": \"products/Oasis_2.jpg\"}}]"}}, {"model": "admin.logentry", "pk": 71, "fields": {"action_time": "2024-07-23T19:55:15.847Z", "user": 1, "content_type": 10, "object_id": "16", "object_repr": "Oasis", "action_flag": 2, "change_message": "[{\"changed\": {\"fields\": [\"Main image\"]}}]"}}, {"model": "admin.logentry", "pk": 72, "fields": {"action_time": "2024-07-23T19:58:06.358Z", "user": 1, "content_type": 10, "object_id": "17", "object_repr": "Tutel", "action_flag": 1, "change_message": "[{\"added\": {}}, {\"added\": {\"name\": \"product image\", \"object\": \"products/Tutel.jpg\"}}]"}}, {"model": "admin.logentry", "pk": 73, "fields": {"action_time": "2024-07-23T19:58:12.030Z", "user": 1, "content_type": 10, "object_id": "17", "object_repr": "Tutel", "action_flag": 2, "change_message": "[{\"changed\": {\"fields\": [\"Main image\"]}}]"}}, {"model": "admin.logentry", "pk": 74, "fields": {"action_time": "2024-07-23T19:59:06.627Z", "user": 1, "content_type": 10, "object_id": "12", "object_repr": "Modern Edge", "action_flag": 2, "change_message": "[{\"changed\": {\"fields\": [\"Title\"]}}]"}}, {"model": "admin.logentry", "pk": 75, "fields": {"action_time": "2024-07-23T20:03:49.167Z", "user": 1, "content_type": 10, "object_id": "18", "object_repr": "Serene", "action_flag": 1, "change_message": "[{\"added\": {}}, {\"added\": {\"name\": \"product image\", \"object\": \"products/Serene.jpg\"}}]"}}, {"model": "admin.logentry", "pk": 76, "fields": {"action_time": "2024-07-23T20:03:54.582Z", "user": 1, "content_type": 10, "object_id": "18", "object_repr": "Serene", "action_flag": 2, "change_message": "[{\"changed\": {\"fields\": [\"Main image\"]}}]"}}, {"model": "admin.logentry", "pk": 77, "fields": {"action_time": "2024-07-23T20:06:38.615Z", "user": 1, "content_type": 10, "object_id": "19", "object_repr": "Solstice", "action_flag": 1, "change_message": "[{\"added\": {}}, {\"added\": {\"name\": \"product image\", \"object\": \"products/Solstice.jpg\"}}]"}}, {"model": "admin.logentry", "pk": 78, "fields": {"action_time": "2024-07-23T20:06:43.013Z", "user": 1, "content_type": 10, "object_id": "19", "object_repr": "Solstice", "action_flag": 2, "change_message": "[{\"changed\": {\"fields\": [\"Main image\"]}}]"}}, {"model": "admin.logentry", "pk": 79, "fields": {"action_time": "2024-07-23T20:09:03.575Z", "user": 1, "content_type": 10, "object_id": "20", "object_repr": "Bloom", "action_flag": 1, "change_message": "[{\"added\": {}}, {\"added\": {\"name\": \"product image\", \"object\": \"products/bloom-1.jpg\"}}, {\"added\": {\"name\": \"product image\", \"object\": \"products/bloom-2.jpg\"}}, {\"added\": {\"name\": \"product image\", \"object\": \"products/bloom-3.jpg\"}}]"}}, {"model": "admin.logentry", "pk": 80, "fields": {"action_time": "2024-07-23T20:09:10.841Z", "user": 1, "content_type": 10, "object_id": "20", "object_repr": "Bloom", "action_flag": 2, "change_message": "[{\"changed\": {\"fields\": [\"Main image\"]}}]"}}, {"model": "admin.logentry", "pk": 81, "fields": {"action_time": "2024-07-23T20:11:27.635Z", "user": 1, "content_type": 8, "object_id": "10", "object_repr": "Белый", "action_flag": 1, "change_message": "[{\"added\": {}}]"}}, {"model": "admin.logentry", "pk": 82, "fields": {"action_time": "2024-07-23T20:12:27.865Z", "user": 1, "content_type": 10, "object_id": "21", "object_repr": "Vertex", "action_flag": 1, "change_message": "[{\"added\": {}}, {\"added\": {\"name\": \"product image\", \"object\": \"products/Vertex_.jpg\"}}, {\"added\": {\"name\": \"product image\", \"object\": \"products/Vertex__2.jpg\"}}]"}}, {"model": "admin.logentry", "pk": 83, "fields": {"action_time": "2024-07-23T20:12:34.605Z", "user": 1, "content_type": 10, "object_id": "21", "object_repr": "Vertex", "action_flag": 2, "change_message": "[{\"changed\": {\"fields\": [\"Main image\"]}}]"}}, {"model": "admin.logentry", "pk": 84, "fields": {"action_time": "2024-07-23T20:37:16.564Z", "user": 1, "content_type": 10, "object_id": "5", "object_repr": "Grace", "action_flag": 2, "change_message": "[{\"changed\": {\"fields\": [\"Collection\"]}}]"}}, {"model": "admin.logentry", "pk": 85, "fields": {"action_time": "2024-07-23T20:37:59.395Z", "user": 1, "content_type": 7, "object_id": "2", "object_repr": "OBJECTS", "action_flag": 2, "change_message": "[{\"changed\": {\"fields\": [\"Name\", \"Main image\"]}}]"}}, {"model": "admin.logentry", "pk": 86, "fields": {"action_time": "2024-07-25T08:54:18.402Z", "user": 1, "content_type": 10, "object_id": "3", "object_repr": "Arthur", "action_flag": 2, "change_message": "[{\"changed\": {\"fields\": [\"Size\"]}}]"}}, {"model": "admin.logentry", "pk": 87, "fields": {"action_time": "2024-07-25T08:57:45.163Z", "user": 1, "content_type": 10, "object_id": "3", "object_repr": "HENGE t024", "action_flag": 2, "change_message": "[{\"changed\": {\"fields\": [\"Name\", \"Description\"]}}]"}}, {"model": "admin.logentry", "pk": 88, "fields": {"action_time": "2024-07-25T09:02:59.853Z", "user": 1, "content_type": 10, "object_id": "4", "object_repr": "STACK c006", "action_flag": 2, "change_message": "[{\"changed\": {\"fields\": [\"Name\", \"Description\"]}}]"}}, {"model": "admin.logentry", "pk": 89, "fields": {"action_time": "2024-07-25T09:06:24.333Z", "user": 1, "content_type": 10, "object_id": "6", "object_repr": "Arthur", "action_flag": 2, "change_message": "[{\"changed\": {\"fields\": [\"Name\", \"Description\"]}}]"}}, {"model": "admin.logentry", "pk": 90, "fields": {"action_time": "2024-07-25T09:10:24.952Z", "user": 1, "content_type": 10, "object_id": "8", "object_repr": "RUSTIC ch003", "action_flag": 2, "change_message": "[{\"changed\": {\"fields\": [\"Name\", \"Description\"]}}]"}}, {"model": "admin.logentry", "pk": 91, "fields": {"action_time": "2024-07-25T09:36:59.589Z", "user": 1, "content_type": 10, "object_id": "15", "object_repr": "Aura t025", "action_flag": 2, "change_message": "[{\"changed\": {\"fields\": [\"Name\", \"Description\"]}}]"}}, {"model": "admin.logentry", "pk": 92, "fields": {"action_time": "2024-07-25T09:39:11.674Z", "user": 1, "content_type": 10, "object_id": "7", "object_repr": "Versa s013", "action_flag": 2, "change_message": "[{\"changed\": {\"fields\": [\"Name\"]}}]"}}, {"model": "admin.logentry", "pk": 93, "fields": {"action_time": "2024-07-25T09:40:11.966Z", "user": 1, "content_type": 10, "object_id": "9", "object_repr": "Redwood t016", "action_flag": 2, "change_message": "[{\"changed\": {\"fields\": [\"Name\"]}}]"}}, {"model": "admin.logentry", "pk": 94, "fields": {"action_time": "2024-07-25T09:40:44.453Z", "user": 1, "content_type": 10, "object_id": "7", "object_repr": "VERSA s013", "action_flag": 2, "change_message": "[{\"changed\": {\"fields\": [\"Name\"]}}]"}}, {"model": "admin.logentry", "pk": 95, "fields": {"action_time": "2024-07-25T09:41:03.421Z", "user": 1, "content_type": 10, "object_id": "15", "object_repr": "AURA t025", "action_flag": 2, "change_message": "[{\"changed\": {\"fields\": [\"Name\"]}}]"}}, {"model": "admin.logentry", "pk": 96, "fields": {"action_time": "2024-07-25T09:41:30.556Z", "user": 1, "content_type": 10, "object_id": "9", "object_repr": "REDWOOD t016", "action_flag": 2, "change_message": "[{\"changed\": {\"fields\": [\"Name\"]}}]"}}, {"model": "admin.logentry", "pk": 97, "fields": {"action_time": "2024-07-25T09:46:52.822Z", "user": 1, "content_type": 10, "object_id": "21", "object_repr": "VERTEX s004", "action_flag": 2, "change_message": "[{\"changed\": {\"fields\": [\"Name\"]}}]"}}, {"model": "admin.logentry", "pk": 98, "fields": {"action_time": "2024-07-25T09:48:31.522Z", "user": 1, "content_type": 10, "object_id": "20", "object_repr": "BLOOM t021", "action_flag": 2, "change_message": "[{\"changed\": {\"fields\": [\"Name\"]}}]"}}, {"model": "admin.logentry", "pk": 99, "fields": {"action_time": "2024-07-25T09:49:59.490Z", "user": 1, "content_type": 10, "object_id": "19", "object_repr": "SOLSTICE t001", "action_flag": 2, "change_message": "[{\"changed\": {\"fields\": [\"Name\"]}}]"}}, {"model": "admin.logentry", "pk": 100, "fields": {"action_time": "2024-07-25T09:50:56.328Z", "user": 1, "content_type": 10, "object_id": "18", "object_repr": "SERENE c020", "action_flag": 2, "change_message": "[{\"changed\": {\"fields\": [\"Name\"]}}]"}}, {"model": "admin.logentry", "pk": 101, "fields": {"action_time": "2024-07-25T09:51:39.319Z", "user": 1, "content_type": 10, "object_id": "17", "object_repr": "TUTEL c005", "action_flag": 2, "change_message": "[{\"changed\": {\"fields\": [\"Name\"]}}]"}}, {"model": "admin.logentry", "pk": 102, "fields": {"action_time": "2024-07-25T09:52:30.494Z", "user": 1, "content_type": 10, "object_id": "16", "object_repr": "OASIS s016", "action_flag": 2, "change_message": "[{\"changed\": {\"fields\": [\"Name\"]}}]"}}, {"model": "admin.logentry", "pk": 103, "fields": {"action_time": "2024-07-25T09:53:14.995Z", "user": 1, "content_type": 10, "object_id": "14", "object_repr": "ARCTIC c028", "action_flag": 2, "change_message": "[{\"changed\": {\"fields\": [\"Name\"]}}]"}}, {"model": "admin.logentry", "pk": 104, "fields": {"action_time": "2024-07-25T09:54:38.775Z", "user": 1, "content_type": 10, "object_id": "13", "object_repr": "AMELI t003", "action_flag": 2, "change_message": "[{\"changed\": {\"fields\": [\"Name\"]}}]"}}, {"model": "admin.logentry", "pk": 105, "fields": {"action_time": "2024-07-25T09:55:43.014Z", "user": 1, "content_type": 10, "object_id": "12", "object_repr": "MODUS ch004", "action_flag": 2, "change_message": "[{\"changed\": {\"fields\": [\"Name\", \"Description\"]}}]"}}, {"model": "admin.logentry", "pk": 106, "fields": {"action_time": "2024-07-25T09:56:57.988Z", "user": 1, "content_type": 10, "object_id": "11", "object_repr": "FLOW t002", "action_flag": 2, "change_message": "[{\"changed\": {\"fields\": [\"Name\"]}}]"}}, {"model": "admin.logentry", "pk": 107, "fields": {"action_time": "2024-07-25T09:58:25.248Z", "user": 1, "content_type": 10, "object_id": "10", "object_repr": "AURELIUS t011", "action_flag": 2, "change_message": "[{\"changed\": {\"fields\": [\"Name\"]}}]"}}, {"model": "admin.logentry", "pk": 108, "fields": {"action_time": "2024-07-25T09:58:53.865Z", "user": 1, "content_type": 10, "object_id": "12", "object_repr": "MODUS ch004", "action_flag": 2, "change_message": "[]"}}, {"model": "admin.logentry", "pk": 109, "fields": {"action_time": "2024-07-25T09:59:35.925Z", "user": 1, "content_type": 10, "object_id": "6", "object_repr": "ARTHUR c007", "action_flag": 2, "change_message": "[{\"changed\": {\"fields\": [\"Name\"]}}]"}}, {"model": "admin.logentry", "pk": 110, "fields": {"action_time": "2024-07-25T10:00:16.785Z", "user": 1, "content_type": 10, "object_id": "5", "object_repr": "GRACE t009", "action_flag": 2, "change_message": "[{\"changed\": {\"fields\": [\"Name\"]}}]"}}, {"model": "admin.logentry", "pk": 111, "fields": {"action_time": "2024-09-09T08:59:20.057Z", "user": 1, "content_type": 10, "object_id": "22", "object_repr": "BATTER S007", "action_flag": 1, "change_message": "[{\"added\": {}}, {\"added\": {\"name\": \"product image\", \"object\": \"products/7_2-min.jpg\"}}]"}}, {"model": "admin.logentry", "pk": 112, "fields": {"action_time": "2024-09-09T09:01:01.249Z", "user": 1, "content_type": 10, "object_id": "22", "object_repr": "BATTER S007", "action_flag": 2, "change_message": "[{\"deleted\": {\"name\": \"product image\", \"object\": \"products/7_2-min.jpg\"}}]"}}, {"model": "admin.logentry", "pk": 113, "fields": {"action_time": "2024-09-09T09:01:13.989Z", "user": 1, "content_type": 10, "object_id": "22", "object_repr": "BATTER S007", "action_flag": 2, "change_message": "[{\"added\": {\"name\": \"product image\", \"object\": \"products/BATTER_1.jpg\"}}]"}}, {"model": "admin.logentry", "pk": 114, "fields": {"action_time": "2024-09-09T09:01:24.574Z", "user": 1, "content_type": 10, "object_id": "22", "object_repr": "BATTER S007", "action_flag": 2, "change_message": "[{\"added\": {\"name\": \"product image\", \"object\": \"products/BATTER_2.jpg\"}}]"}}, {"model": "admin.logentry", "pk": 115, "fields": {"action_time": "2024-09-09T09:01:38.945Z", "user": 1, "content_type": 10, "object_id": "22", "object_repr": "BATTER S007", "action_flag": 2, "change_message": "[]"}}, {"model": "admin.logentry", "pk": 116, "fields": {"action_time": "2025-03-01T10:04:13.659Z", "user": 1, "content_type": 10, "object_id": "5", "object_repr": "GRACE t009", "action_flag": 2, "change_message": "[{\"changed\": {\"fields\": [\"Price\"]}}]"}}, {"model": "admin.logentry", "pk": 117, "fields": {"action_time": "2025-03-01T10:06:05.908Z", "user": 1, "content_type": 10, "object_id": "3", "object_repr": "HENGE t024", "action_flag": 2, "change_message": "[{\"changed\": {\"fields\": [\"Price\"]}}]"}}, {"model": "admin.logentry", "pk": 118, "fields": {"action_time": "2025-03-01T10:07:25.225Z", "user": 1, "content_type": 10, "object_id": "4", "object_repr": "STACK c006", "action_flag": 2, "change_message": "[{\"changed\": {\"fields\": [\"Price\"]}}]"}}, {"model": "admin.logentry", "pk": 119, "fields": {"action_time": "2025-03-01T10:08:37.389Z", "user": 1, "content_type": 10, "object_id": "8", "object_repr": "RUSTIC ch003", "action_flag": 2, "change_message": "[{\"changed\": {\"fields\": [\"Price\"]}}]"}}, {"model": "admin.logentry", "pk": 120, "fields": {"action_time": "2025-03-01T10:09:15.282Z", "user": 1, "content_type": 10, "object_id": "6", "object_repr": "ARTHUR c007", "action_flag": 2, "change_message": "[{\"changed\": {\"fields\": [\"Price\"]}}]"}}, {"model": "admin.logentry", "pk": 121, "fields": {"action_time": "2025-03-01T10:11:08.674Z", "user": 1, "content_type": 10, "object_id": "7", "object_repr": "VERSA s013", "action_flag": 2, "change_message": "[{\"changed\": {\"fields\": [\"Price\"]}}]"}}, {"model": "admin.logentry", "pk": 122, "fields": {"action_time": "2025-03-01T10:11:51.277Z", "user": 1, "content_type": 10, "object_id": "11", "object_repr": "FLOW t002", "action_flag": 2, "change_message": "[{\"changed\": {\"fields\": [\"Price\"]}}]"}}, {"model": "admin.logentry", "pk": 123, "fields": {"action_time": "2025-03-01T10:12:06.280Z", "user": 1, "content_type": 10, "object_id": "11", "object_repr": "FLOW t002", "action_flag": 2, "change_message": "[{\"changed\": {\"fields\": [\"Price\"]}}]"}}, {"model": "admin.logentry", "pk": 124, "fields": {"action_time": "2025-03-01T10:12:59.934Z", "user": 1, "content_type": 10, "object_id": "10", "object_repr": "AURELIUS t011", "action_flag": 2, "change_message": "[{\"changed\": {\"fields\": [\"Price\"]}}]"}}, {"model": "admin.logentry", "pk": 125, "fields": {"action_time": "2025-03-01T10:14:09.607Z", "user": 1, "content_type": 10, "object_id": "9", "object_repr": "REDWOOD t016", "action_flag": 2, "change_message": "[{\"changed\": {\"fields\": [\"Price\"]}}]"}}, {"model": "admin.logentry", "pk": 126, "fields": {"action_time": "2025-03-01T10:15:12.713Z", "user": 1, "content_type": 10, "object_id": "14", "object_repr": "ARCTIC c028", "action_flag": 2, "change_message": "[{\"changed\": {\"fields\": [\"Price\"]}}]"}}, {"model": "admin.logentry", "pk": 127, "fields": {"action_time": "2025-03-01T10:15:51.418Z", "user": 1, "content_type": 10, "object_id": "13", "object_repr": "AMELI t003", "action_flag": 2, "change_message": "[{\"changed\": {\"fields\": [\"Price\"]}}]"}}, {"model": "admin.logentry", "pk": 128, "fields": {"action_time": "2025-03-01T10:18:21.631Z", "user": 1, "content_type": 10, "object_id": "12", "object_repr": "MODUS ch004", "action_flag": 2, "change_message": "[{\"changed\": {\"fields\": [\"Price\"]}}]"}}, {"model": "admin.logentry", "pk": 129, "fields": {"action_time": "2025-03-01T10:20:30.213Z", "user": 1, "content_type": 10, "object_id": "12", "object_repr": "MODUS ch004", "action_flag": 2, "change_message": "[{\"changed\": {\"fields\": [\"Price\"]}}]"}}, {"model": "admin.logentry", "pk": 130, "fields": {"action_time": "2025-03-01T10:20:55.099Z", "user": 1, "content_type": 10, "object_id": "15", "object_repr": "AURA t025", "action_flag": 2, "change_message": "[{\"changed\": {\"fields\": [\"Price\"]}}]"}}, {"model": "admin.logentry", "pk": 131, "fields": {"action_time": "2025-03-01T10:22:03.434Z", "user": 1, "content_type": 10, "object_id": "16", "object_repr": "OASIS s016", "action_flag": 2, "change_message": "[{\"changed\": {\"fields\": [\"Price\"]}}]"}}, {"model": "admin.logentry", "pk": 132, "fields": {"action_time": "2025-03-01T10:22:46.348Z", "user": 1, "content_type": 10, "object_id": "17", "object_repr": "TUTEL c005", "action_flag": 2, "change_message": "[{\"changed\": {\"fields\": [\"Price\"]}}]"}}, {"model": "admin.logentry", "pk": 133, "fields": {"action_time": "2025-03-01T10:23:24.820Z", "user": 1, "content_type": 10, "object_id": "16", "object_repr": "OASIS s016", "action_flag": 2, "change_message": "[{\"changed\": {\"fields\": [\"Price\"]}}]"}}, {"model": "admin.logentry", "pk": 134, "fields": {"action_time": "2025-03-01T10:25:50.404Z", "user": 1, "content_type": 10, "object_id": "18", "object_repr": "SERENE c020", "action_flag": 2, "change_message": "[{\"changed\": {\"fields\": [\"Price\"]}}]"}}, {"model": "admin.logentry", "pk": 135, "fields": {"action_time": "2025-03-01T10:26:34.776Z", "user": 1, "content_type": 10, "object_id": "19", "object_repr": "SOLSTICE t001", "action_flag": 2, "change_message": "[{\"changed\": {\"fields\": [\"Price\"]}}]"}}, {"model": "admin.logentry", "pk": 136, "fields": {"action_time": "2025-03-01T10:27:25.224Z", "user": 1, "content_type": 10, "object_id": "20", "object_repr": "BLOOM t021", "action_flag": 2, "change_message": "[{\"changed\": {\"fields\": [\"Price\"]}}]"}}, {"model": "admin.logentry", "pk": 137, "fields": {"action_time": "2025-03-01T10:27:51.156Z", "user": 1, "content_type": 10, "object_id": "21", "object_repr": "VERTEX s004", "action_flag": 2, "change_message": "[{\"changed\": {\"fields\": [\"Price\"]}}]"}}, {"model": "admin.logentry", "pk": 138, "fields": {"action_time": "2025-03-01T10:29:36.072Z", "user": 1, "content_type": 10, "object_id": "22", "object_repr": "BATTER S007", "action_flag": 2, "change_message": "[{\"changed\": {\"fields\": [\"Price\"]}}]"}}, {"model": "admin.logentry", "pk": 139, "fields": {"action_time": "2025-03-01T10:30:48.708Z", "user": 1, "content_type": 10, "object_id": "21", "object_repr": "ORDER s004", "action_flag": 2, "change_message": "[{\"changed\": {\"fields\": [\"Name\"]}}]"}}, {"model": "admin.logentry", "pk": 140, "fields": {"action_time": "2025-03-01T10:35:15.572Z", "user": 1, "content_type": 10, "object_id": "14", "object_repr": "LEDGE c028", "action_flag": 2, "change_message": "[{\"changed\": {\"fields\": [\"Name\"]}}]"}}, {"model": "admin.logentry", "pk": 141, "fields": {"action_time": "2025-03-01T16:42:00.570Z", "user": 1, "content_type": 10, "object_id": "22", "object_repr": "BATTER S007", "action_flag": 2, "change_message": "[]"}}, {"model": "admin.logentry", "pk": 142, "fields": {"action_time": "2025-03-01T16:47:06.929Z", "user": 1, "content_type": 10, "object_id": "7", "object_repr": "VERSA s013", "action_flag": 2, "change_message": "[{\"changed\": {\"fields\": [\"Price\"]}}]"}}, {"model": "admin.logentry", "pk": 143, "fields": {"action_time": "2025-03-01T16:50:15.274Z", "user": 1, "content_type": 10, "object_id": "9", "object_repr": "REDWOOD t016", "action_flag": 2, "change_message": "[{\"changed\": {\"fields\": [\"Price\"]}}]"}}, {"model": "admin.logentry", "pk": 144, "fields": {"action_time": "2025-03-01T16:52:53.642Z", "user": 1, "content_type": 10, "object_id": "10", "object_repr": "AURELIUS t011", "action_flag": 2, "change_message": "[{\"changed\": {\"fields\": [\"Price\"]}}]"}}, {"model": "admin.logentry", "pk": 145, "fields": {"action_time": "2025-03-01T16:56:01.430Z", "user": 1, "content_type": 10, "object_id": "11", "object_repr": "FLOW t002", "action_flag": 2, "change_message": "[{\"changed\": {\"fields\": [\"Price\"]}}]"}}, {"model": "admin.logentry", "pk": 146, "fields": {"action_time": "2025-03-01T17:05:15.584Z", "user": 1, "content_type": 10, "object_id": "20", "object_repr": "BLOOM t021", "action_flag": 2, "change_message": "[{\"changed\": {\"fields\": [\"Price\"]}}]"}}, {"model": "admin.logentry", "pk": 147, "fields": {"action_time": "2025-04-28T13:14:02.792Z", "user": 1, "content_type": 7, "object_id": "1", "object_repr": "default collection", "action_flag": 2, "change_message": "[{\"changed\": {\"fields\": [\"Is main\"]}}]"}}, {"model": "admin.logentry", "pk": 148, "fields": {"action_time": "2025-04-28T13:14:05.495Z", "user": 1, "content_type": 7, "object_id": "2", "object_repr": "OBJECTS", "action_flag": 2, "change_message": "[{\"changed\": {\"fields\": [\"Is main\"]}}]"}}, {"model": "admin.logentry", "pk": 149, "fields": {"action_time": "2025-04-28T13:14:07.918Z", "user": 1, "content_type": 7, "object_id": "1", "object_repr": "default collection", "action_flag": 2, "change_message": "[{\"changed\": {\"fields\": [\"Is main\"]}}]"}}, {"model": "admin.logentry", "pk": 150, "fields": {"action_time": "2025-04-28T13:14:22.365Z", "user": 1, "content_type": 7, "object_id": "2", "object_repr": "OBJECTS", "action_flag": 2, "change_message": "[{\"changed\": {\"fields\": [\"Is main\"]}}]"}}, {"model": "admin.logentry", "pk": 151, "fields": {"action_time": "2025-04-28T14:16:47.244Z", "user": 1, "content_type": 9, "object_id": "7", "object_repr": "Камень", "action_flag": 2, "change_message": "[{\"changed\": {\"fields\": [\"Image\"]}}]"}}, {"model": "admin.logentry", "pk": 152, "fields": {"action_time": "2025-04-28T14:16:53.114Z", "user": 1, "content_type": 9, "object_id": "6", "object_repr": "Ткань", "action_flag": 2, "change_message": "[{\"changed\": {\"fields\": [\"Image\"]}}]"}}, {"model": "admin.logentry", "pk": 153, "fields": {"action_time": "2025-04-28T14:16:58.593Z", "user": 1, "content_type": 9, "object_id": "5", "object_repr": "Стекло", "action_flag": 2, "change_message": "[{\"changed\": {\"fields\": [\"Image\"]}}]"}}, {"model": "admin.logentry", "pk": 154, "fields": {"action_time": "2025-04-28T14:17:09.538Z", "user": 1, "content_type": 9, "object_id": "4", "object_repr": "Металл", "action_flag": 2, "change_message": "[{\"changed\": {\"fields\": [\"Image\"]}}]"}}, {"model": "admin.logentry", "pk": 155, "fields": {"action_time": "2025-04-28T14:17:20.750Z", "user": 1, "content_type": 9, "object_id": "3", "object_repr": "Кожа", "action_flag": 2, "change_message": "[{\"changed\": {\"fields\": [\"Image\"]}}]"}}, {"model": "admin.logentry", "pk": 156, "fields": {"action_time": "2025-04-28T14:17:29.541Z", "user": 1, "content_type": 9, "object_id": "2", "object_repr": "Дерево", "action_flag": 2, "change_message": "[{\"changed\": {\"fields\": [\"Image\"]}}]"}}, {"model": "admin.logentry", "pk": 157, "fields": {"action_time": "2025-04-28T14:29:51.135Z", "user": 1, "content_type": 12, "object_id": "1", "object_repr": "About Page Settings", "action_flag": 1, "change_message": "[{\"added\": {}}]"}}, {"model": "admin.logentry", "pk": 158, "fields": {"action_time": "2025-04-28T15:21:24.533Z", "user": 1, "content_type": 7, "object_id": "2", "object_repr": "OBJECTS", "action_flag": 2, "change_message": "[{\"changed\": {\"fields\": [\"Is main\"]}}]"}}, {"model": "admin.logentry", "pk": 159, "fields": {"action_time": "2025-04-28T15:21:35.950Z", "user": 1, "content_type": 7, "object_id": "2", "object_repr": "OBJECTS", "action_flag": 2, "change_message": "[{\"changed\": {\"fields\": [\"Is main\"]}}]"}}, {"model": "admin.logentry", "pk": 160, "fields": {"action_time": "2025-04-28T17:27:17.619Z", "user": 1, "content_type": 10, "object_id": "22", "object_repr": "BATTER S007", "action_flag": 2, "change_message": "[{\"changed\": {\"name\": \"product image\", \"object\": \"products/BATTER_2.jpg\", \"fields\": [\"\\u041e\\u0441\\u043d\\u043e\\u0432\\u043d\\u0430\\u044f \\u043a\\u0430\\u0440\\u0442\\u0438\\u043d\\u043a\\u0430\"]}}]"}}, {"model": "admin.logentry", "pk": 161, "fields": {"action_time": "2025-04-28T17:27:23.043Z", "user": 1, "content_type": 10, "object_id": "22", "object_repr": "BATTER S007", "action_flag": 2, "change_message": "[{\"changed\": {\"name\": \"product image\", \"object\": \"products/BATTER_2.jpg\", \"fields\": [\"\\u041e\\u0441\\u043d\\u043e\\u0432\\u043d\\u0430\\u044f \\u043a\\u0430\\u0440\\u0442\\u0438\\u043d\\u043a\\u0430\"]}}]"}}, {"model": "admin.logentry", "pk": 162, "fields": {"action_time": "2025-04-28T17:27:29.557Z", "user": 1, "content_type": 10, "object_id": "22", "object_repr": "BATTER S007", "action_flag": 2, "change_message": "[{\"changed\": {\"name\": \"product image\", \"object\": \"products/BATTER_1.jpg\", \"fields\": [\"\\u041e\\u0441\\u043d\\u043e\\u0432\\u043d\\u0430\\u044f \\u043a\\u0430\\u0440\\u0442\\u0438\\u043d\\u043a\\u0430\"]}}]"}}, {"model": "admin.logentry", "pk": 163, "fields": {"action_time": "2025-04-28T17:27:38.709Z", "user": 1, "content_type": 10, "object_id": "22", "object_repr": "BATTER S007", "action_flag": 2, "change_message": "[{\"changed\": {\"name\": \"product image\", \"object\": \"products/BATTER_2.jpg\", \"fields\": [\"\\u041e\\u0441\\u043d\\u043e\\u0432\\u043d\\u0430\\u044f \\u043a\\u0430\\u0440\\u0442\\u0438\\u043d\\u043a\\u0430\"]}}]"}}, {"model": "admin.logentry", "pk": 164, "fields": {"action_time": "2025-04-28T17:29:25.820Z", "user": 1, "content_type": 10, "object_id": "22", "object_repr": "BATTER S007", "action_flag": 2, "change_message": "[]"}}, {"model": "admin.logentry", "pk": 165, "fields": {"action_time": "2025-04-28T17:29:30.851Z", "user": 1, "content_type": 10, "object_id": "22", "object_repr": "BATTER S007", "action_flag": 2, "change_message": "[{\"changed\": {\"name\": \"product image\", \"object\": \"products/BATTER_1.jpg\", \"fields\": [\"\\u041e\\u0441\\u043d\\u043e\\u0432\\u043d\\u0430\\u044f \\u043a\\u0430\\u0440\\u0442\\u0438\\u043d\\u043a\\u0430\"]}}]"}}, {"model": "admin.logentry", "pk": 166, "fields": {"action_time": "2025-04-28T17:29:36.366Z", "user": 1, "content_type": 10, "object_id": "22", "object_repr": "BATTER S007", "action_flag": 2, "change_message": "[{\"changed\": {\"name\": \"product image\", \"object\": \"products/BATTER_1.jpg\", \"fields\": [\"\\u041e\\u0441\\u043d\\u043e\\u0432\\u043d\\u0430\\u044f \\u043a\\u0430\\u0440\\u0442\\u0438\\u043d\\u043a\\u0430\"]}}]"}}, {"model": "admin.logentry", "pk": 167, "fields": {"action_time": "2025-04-28T17:35:20.933Z", "user": 1, "content_type": 10, "object_id": "22", "object_repr": "BATTER S007", "action_flag": 2, "change_message": "[{\"changed\": {\"name\": \"product image\", \"object\": \"products/BATTER_1.jpg\", \"fields\": [\"\\u041e\\u0441\\u043d\\u043e\\u0432\\u043d\\u0430\\u044f \\u043a\\u0430\\u0440\\u0442\\u0438\\u043d\\u043a\\u0430\"]}}]"}}, {"model": "admin.logentry", "pk": 168, "fields": {"action_time": "2025-04-28T17:35:25.011Z", "user": 1, "content_type": 10, "object_id": "22", "object_repr": "BATTER S007", "action_flag": 2, "change_message": "[{\"changed\": {\"name\": \"product image\", \"object\": \"products/BATTER_2.jpg\", \"fields\": [\"\\u041e\\u0441\\u043d\\u043e\\u0432\\u043d\\u0430\\u044f \\u043a\\u0430\\u0440\\u0442\\u0438\\u043d\\u043a\\u0430\"]}}]"}}, {"model": "admin.logentry", "pk": 169, "fields": {"action_time": "2025-04-28T17:35:29.390Z", "user": 1, "content_type": 10, "object_id": "22", "object_repr": "BATTER S007", "action_flag": 2, "change_message": "[{\"changed\": {\"name\": \"product image\", \"object\": \"products/BATTER_1.jpg\", \"fields\": [\"\\u041e\\u0441\\u043d\\u043e\\u0432\\u043d\\u0430\\u044f \\u043a\\u0430\\u0440\\u0442\\u0438\\u043d\\u043a\\u0430\"]}}]"}}, {"model": "auth.permission", "pk": 1, "fields": {"name": "Can add log entry", "content_type": 1, "codename": "add_logentry"}}, {"model": "auth.permission", "pk": 2, "fields": {"name": "Can change log entry", "content_type": 1, "codename": "change_logentry"}}, {"model": "auth.permission", "pk": 3, "fields": {"name": "Can delete log entry", "content_type": 1, "codename": "delete_logentry"}}, {"model": "auth.permission", "pk": 4, "fields": {"name": "Can view log entry", "content_type": 1, "codename": "view_logentry"}}, {"model": "auth.permission", "pk": 5, "fields": {"name": "Can add permission", "content_type": 2, "codename": "add_permission"}}, {"model": "auth.permission", "pk": 6, "fields": {"name": "Can change permission", "content_type": 2, "codename": "change_permission"}}, {"model": "auth.permission", "pk": 7, "fields": {"name": "Can delete permission", "content_type": 2, "codename": "delete_permission"}}, {"model": "auth.permission", "pk": 8, "fields": {"name": "Can view permission", "content_type": 2, "codename": "view_permission"}}, {"model": "auth.permission", "pk": 9, "fields": {"name": "Can add group", "content_type": 3, "codename": "add_group"}}, {"model": "auth.permission", "pk": 10, "fields": {"name": "Can change group", "content_type": 3, "codename": "change_group"}}, {"model": "auth.permission", "pk": 11, "fields": {"name": "Can delete group", "content_type": 3, "codename": "delete_group"}}, {"model": "auth.permission", "pk": 12, "fields": {"name": "Can view group", "content_type": 3, "codename": "view_group"}}, {"model": "auth.permission", "pk": 13, "fields": {"name": "Can add user", "content_type": 4, "codename": "add_user"}}, {"model": "auth.permission", "pk": 14, "fields": {"name": "Can change user", "content_type": 4, "codename": "change_user"}}, {"model": "auth.permission", "pk": 15, "fields": {"name": "Can delete user", "content_type": 4, "codename": "delete_user"}}, {"model": "auth.permission", "pk": 16, "fields": {"name": "Can view user", "content_type": 4, "codename": "view_user"}}, {"model": "auth.permission", "pk": 17, "fields": {"name": "Can add content type", "content_type": 5, "codename": "add_contenttype"}}, {"model": "auth.permission", "pk": 18, "fields": {"name": "Can change content type", "content_type": 5, "codename": "change_contenttype"}}, {"model": "auth.permission", "pk": 19, "fields": {"name": "Can delete content type", "content_type": 5, "codename": "delete_contenttype"}}, {"model": "auth.permission", "pk": 20, "fields": {"name": "Can view content type", "content_type": 5, "codename": "view_contenttype"}}, {"model": "auth.permission", "pk": 21, "fields": {"name": "Can add session", "content_type": 6, "codename": "add_session"}}, {"model": "auth.permission", "pk": 22, "fields": {"name": "Can change session", "content_type": 6, "codename": "change_session"}}, {"model": "auth.permission", "pk": 23, "fields": {"name": "Can delete session", "content_type": 6, "codename": "delete_session"}}, {"model": "auth.permission", "pk": 24, "fields": {"name": "Can view session", "content_type": 6, "codename": "view_session"}}, {"model": "auth.permission", "pk": 25, "fields": {"name": "Can add collection", "content_type": 7, "codename": "add_collection"}}, {"model": "auth.permission", "pk": 26, "fields": {"name": "Can change collection", "content_type": 7, "codename": "change_collection"}}, {"model": "auth.permission", "pk": 27, "fields": {"name": "Can delete collection", "content_type": 7, "codename": "delete_collection"}}, {"model": "auth.permission", "pk": 28, "fields": {"name": "Can view collection", "content_type": 7, "codename": "view_collection"}}, {"model": "auth.permission", "pk": 29, "fields": {"name": "Can add color", "content_type": 8, "codename": "add_color"}}, {"model": "auth.permission", "pk": 30, "fields": {"name": "Can change color", "content_type": 8, "codename": "change_color"}}, {"model": "auth.permission", "pk": 31, "fields": {"name": "Can delete color", "content_type": 8, "codename": "delete_color"}}, {"model": "auth.permission", "pk": 32, "fields": {"name": "Can view color", "content_type": 8, "codename": "view_color"}}, {"model": "auth.permission", "pk": 33, "fields": {"name": "Can add material", "content_type": 9, "codename": "add_material"}}, {"model": "auth.permission", "pk": 34, "fields": {"name": "Can change material", "content_type": 9, "codename": "change_material"}}, {"model": "auth.permission", "pk": 35, "fields": {"name": "Can delete material", "content_type": 9, "codename": "delete_material"}}, {"model": "auth.permission", "pk": 36, "fields": {"name": "Can view material", "content_type": 9, "codename": "view_material"}}, {"model": "auth.permission", "pk": 37, "fields": {"name": "Can add product", "content_type": 10, "codename": "add_product"}}, {"model": "auth.permission", "pk": 38, "fields": {"name": "Can change product", "content_type": 10, "codename": "change_product"}}, {"model": "auth.permission", "pk": 39, "fields": {"name": "Can delete product", "content_type": 10, "codename": "delete_product"}}, {"model": "auth.permission", "pk": 40, "fields": {"name": "Can view product", "content_type": 10, "codename": "view_product"}}, {"model": "auth.permission", "pk": 41, "fields": {"name": "Can add product image", "content_type": 11, "codename": "add_productimage"}}, {"model": "auth.permission", "pk": 42, "fields": {"name": "Can change product image", "content_type": 11, "codename": "change_productimage"}}, {"model": "auth.permission", "pk": 43, "fields": {"name": "Can delete product image", "content_type": 11, "codename": "delete_productimage"}}, {"model": "auth.permission", "pk": 44, "fields": {"name": "Can view product image", "content_type": 11, "codename": "view_productimage"}}, {"model": "auth.permission", "pk": 45, "fields": {"name": "Can add about page settings", "content_type": 12, "codename": "add_aboutpagesettings"}}, {"model": "auth.permission", "pk": 46, "fields": {"name": "Can change about page settings", "content_type": 12, "codename": "change_aboutpagesettings"}}, {"model": "auth.permission", "pk": 47, "fields": {"name": "Can delete about page settings", "content_type": 12, "codename": "delete_aboutpagesettings"}}, {"model": "auth.permission", "pk": 48, "fields": {"name": "Can view about page settings", "content_type": 12, "codename": "view_aboutpagesettings"}}, {"model": "auth.user", "pk": 1, "fields": {"password": "pbkdf2_sha256$1000000$W6zX17iAfseVpN6CQcL4Oh$OYaBNTszLOzH/3VXSfq9k3etmtUwVmTYSxiDeILk/OY=", "last_login": "2025-04-28T12:22:00.575Z", "is_superuser": true, "username": "andre", "first_name": "", "last_name": "", "email": "", "is_staff": true, "is_active": true, "date_joined": "2024-07-19T12:29:59.403Z", "groups": [], "user_permissions": []}}, {"model": "contenttypes.contenttype", "pk": 1, "fields": {"app_label": "admin", "model": "logentry"}}, {"model": "contenttypes.contenttype", "pk": 2, "fields": {"app_label": "auth", "model": "permission"}}, {"model": "contenttypes.contenttype", "pk": 3, "fields": {"app_label": "auth", "model": "group"}}, {"model": "contenttypes.contenttype", "pk": 4, "fields": {"app_label": "auth", "model": "user"}}, {"model": "contenttypes.contenttype", "pk": 5, "fields": {"app_label": "contenttypes", "model": "contenttype"}}, {"model": "contenttypes.contenttype", "pk": 6, "fields": {"app_label": "sessions", "model": "session"}}, {"model": "contenttypes.contenttype", "pk": 7, "fields": {"app_label": "api", "model": "collection"}}, {"model": "contenttypes.contenttype", "pk": 8, "fields": {"app_label": "api", "model": "color"}}, {"model": "contenttypes.contenttype", "pk": 9, "fields": {"app_label": "api", "model": "material"}}, {"model": "contenttypes.contenttype", "pk": 10, "fields": {"app_label": "api", "model": "product"}}, {"model": "contenttypes.contenttype", "pk": 11, "fields": {"app_label": "api", "model": "productimage"}}, {"model": "contenttypes.contenttype", "pk": 12, "fields": {"app_label": "api", "model": "aboutpagesettings"}}, {"model": "sessions.session", "pk": "5h8y5csod2qiqlop6m96mt33tsflupht", "fields": {"session_data": ".eJxVjDsKwzAQRO-iOgi8-hilTJ8ziNVqN3ISJLDsyuTuscFF0g3z3symIq5LiWvnOU5ZXdWgLr9dQnpxPUB-Yn00Ta0u85T0oeiTdn1vmd-30_07KNjLvmbjQCw5BMxsEQYPEJKTkdgR5VFc8jbwHkwAMRkCsniLAYVIHKvPFwYCOWE:1sUmkS:NpOn3OJe5gvMO58ZmIZ2mApfiOeYZWICtRCs3hI83dQ", "expire_date": "2024-08-02T12:30:08.020Z"}}, {"model": "sessions.session", "pk": "6louki7h3tt466j8h719mgwps63iyajc", "fields": {"session_data": ".eJxVjEEOwiAQRe_C2hBo6ZS6dN8zkJlhlKqBpLQr492VpAtd_v9e3ksF3LcU9iprWKI6K6tOvx8hPyQ3EO-Yb0Vzydu6kG6KPmjVc4nyvBzuXyBhTS3bWabxag1bpH5wANEhWAHPcTDcTd_lyPjeoQHoGZAnL6OXjpyfhNT7A9L-N5c:1tnevb:UwnN3bO8YUwKZ8iXyEKOFaJQ9IpDaQciNhD7aYFPHxU", "expire_date": "2025-03-13T14:31:55.291Z"}}, {"model": "sessions.session", "pk": "aupeheloawkvsndgulmsbgg75ybynwcp", "fields": {"session_data": ".eJxVjDsKwzAQRO-iOgi8-hilTJ8ziNVqN3ISJLDsyuTuscFF0g3z3symIq5LiWvnOU5ZXdWgLr9dQnpxPUB-Yn00Ta0u85T0oeiTdn1vmd-30_07KNjLvmbjQCw5BMxsEQYPEJKTkdgR5VFc8jbwHkwAMRkCsniLAYVIHKvPFwYCOWE:1sVZdM:kY1_pWdFwx6rC-TIY2wNApqiay803bH7_y5PVtmoR-w", "expire_date": "2024-08-04T16:42:04.486Z"}}, {"model": "sessions.session", "pk": "c47kdn9yscht2cf2gldt4ah4cfjgjz1g", "fields": {"session_data": ".eJxVjDsKwzAQRO-iOgi8-hilTJ8ziNVqN3ISJLDsyuTuscFF0g3z3symIq5LiWvnOU5ZXdWgLr9dQnpxPUB-Yn00Ta0u85T0oeiTdn1vmd-30_07KNjLvmbjQCw5BMxsEQYPEJKTkdgR5VFc8jbwHkwAMRkCsniLAYVIHKvPFwYCOWE:1sWtcQ:Srtyw6Rs5hT5A45eUnsXi9y-tBlOottT0vrk-A7wdZU", "expire_date": "2024-08-08T08:14:34.662Z"}}, {"model": "sessions.session", "pk": "eyn92snvxyklj732zayw8vscjc3fvq6z", "fields": {"session_data": ".eJxVjDsKwzAQRO-iOgi8-hilTJ8ziNVqN3ISJLDsyuTuscFF0g3z3symIq5LiWvnOU5ZXdWgLr9dQnpxPUB-Yn00Ta0u85T0oeiTdn1vmd-30_07KNjLvmbjQCw5BMxsEQYPEJKTkdgR5VFc8jbwHkwAMRkCsniLAYVIHKvPFwYCOWE:1sW05n:VyJL15u1g1kZJdH4mcjxBanKzEAahQ00GPmNTXqXskg", "expire_date": "2024-08-05T20:57:11.205Z"}}, {"model": "sessions.session", "pk": "f2x6u2mnvst4llhucvexsizc8ctudclk", "fields": {"session_data": ".eJxVjEsOwjAMBe-SNYpw6zQpS_Y9Q2THDimgVOpnhbg7VOoCtm9m3stE2tYSt0XnOIq5GDCn340pPbTuQO5Ub5NNU13nke2u2IMudphEn9fD_TsotJRvfUaiLA07SszYQs-aCcSDdr4DQAoYmLlHQFFHXWrVo1MKTnJSbMz7AwrMOOA:1u9NUm:fY8vdiunndhYzUrVStc_xdkFNqfsNVC0_fWYrM5U76s", "expire_date": "2025-05-12T12:22:00.578Z"}}, {"model": "sessions.session", "pk": "gp1nvekcb449yqeib86219vf42wq0oar", "fields": {"session_data": ".eJxVjDsKwzAQRO-iOgi8-hilTJ8ziNVqN3ISJLDsyuTuscFF0g3z3symIq5LiWvnOU5ZXdWgLr9dQnpxPUB-Yn00Ta0u85T0oeiTdn1vmd-30_07KNjLvmbjQCw5BMxsEQYPEJKTkdgR5VFc8jbwHkwAMRkCsniLAYVIHKvPFwYCOWE:1sVEAK:Ry3JUq2Jl9m2mGuIuVu-PPUEwSpReOsKeDNJqRLiH5g", "expire_date": "2024-08-03T17:46:40.800Z"}}, {"model": "sessions.session", "pk": "gs1vdr70f8tpvsd2dgmcf20rkcp590tj", "fields": {"session_data": ".eJxVjDsKwzAQRO-iOgi8-hilTJ8ziNVqN3ISJLDsyuTuscFF0g3z3symIq5LiWvnOU5ZXdWgLr9dQnpxPUB-Yn00Ta0u85T0oeiTdn1vmd-30_07KNjLvmbjQCw5BMxsEQYPEJKTkdgR5VFc8jbwHkwAMRkCsniLAYVIHKvPFwYCOWE:1sWJ6v:33zKed1eUV6GYX7AS3FN8onCMaMGJPJ1SFBUI1flPNA", "expire_date": "2024-08-06T17:15:37.085Z"}}, {"model": "sessions.session", "pk": "i4kjf4zmvqx3cwdhc7kqd9tjsk39ncde", "fields": {"session_data": ".eJxVjDsKwzAQRO-iOgi8-hilTJ8ziNVqN3ISJLDsyuTuscFF0g3z3symIq5LiWvnOU5ZXdWgLr9dQnpxPUB-Yn00Ta0u85T0oeiTdn1vmd-30_07KNjLvmbjQCw5BMxsEQYPEJKTkdgR5VFc8jbwHkwAMRkCsniLAYVIHKvPFwYCOWE:1sWuDd:DF8INHyvOsP-subOlXb9oE4MVjVXBoFOyLckR1VoHU4", "expire_date": "2024-08-08T08:53:01.562Z"}}, {"model": "sessions.session", "pk": "im8jh966ehm50fgpsvolhanhhljgwo65", "fields": {"session_data": ".eJxVjDsKwzAQRO-iOgi8-hilTJ8ziNVqN3ISJLDsyuTuscFF0g3z3symIq5LiWvnOU5ZXdWgLr9dQnpxPUB-Yn00Ta0u85T0oeiTdn1vmd-30_07KNjLvmbjQCw5BMxsEQYPEJKTkdgR5VFc8jbwHkwAMRkCsniLAYVIHKvPFwYCOWE:1sWMFS:mCjKgezw2g_jj5i7qLJbhemcDIfrc1Ec845kmEJZYxM", "expire_date": "2024-08-06T20:36:38.640Z"}}, {"model": "sessions.session", "pk": "km5nu03iwsiaovmmdi0s6sjul8jhvu0c", "fields": {"session_data": ".eJxVjDsKwzAQRO-iOgi8-hilTJ8ziNVqN3ISJLDsyuTuscFF0g3z3symIq5LiWvnOU5ZXdWgLr9dQnpxPUB-Yn00Ta0u85T0oeiTdn1vmd-30_07KNjLvmbjQCw5BMxsEQYPEJKTkdgR5VFc8jbwHkwAMRkCsniLAYVIHKvPFwYCOWE:1sna47:piGMGUH2m8JarnmN3HVAWGWDx0JX4rxE9als_SueMxE", "expire_date": "2024-09-23T08:48:07.518Z"}}, {"model": "sessions.session", "pk": "ljfh959pilfblbicmpfz7j4fr7ii5rcg", "fields": {"session_data": ".eJxVjEEOwiAQRe_C2hBo6ZS6dN8zkJlhlKqBpLQr492VpAtd_v9e3ksF3LcU9iprWKI6K6tOvx8hPyQ3EO-Yb0Vzydu6kG6KPmjVc4nyvBzuXyBhTS3bWabxag1bpH5wANEhWAHPcTDcTd_lyPjeoQHoGZAnL6OXjpyfhNT7A9L-N5c:1toJfb:WAhrsU8jgZxhqiFKFMEbFDe3_aWc8WqXQPu-b_2gRtA", "expire_date": "2025-03-15T10:02:07.556Z"}}, {"model": "api.collection", "pk": 1, "fields": {"name": "default collection", "description": "Default collection", "main_image": "collections/main.jpg", "is_main": false}}, {"model": "api.collection", "pk": 2, "fields": {"name": "OBJECTS", "description": "", "main_image": "collections/mid_century_xxi.jpg", "is_main": true}}, {"model": "api.collection", "pk": 3, "fields": {"name": "Reverberation", "description": "", "main_image": "collections/33.jpg", "is_main": false}}, {"model": "api.material", "pk": 2, "fields": {"name": "Дерево", "image": "materials/WOOD_CYfXpmn.jpg"}}, {"model": "api.material", "pk": 3, "fields": {"name": "Кожа", "image": "materials/LEATHER_5ftNPQi.JPG"}}, {"model": "api.material", "pk": 4, "fields": {"name": "Металл", "image": "materials/metall_OpL7aTE.jpg"}}, {"model": "api.material", "pk": 5, "fields": {"name": "Стекло", "image": "materials/GLASS_HBbAqtc.JPG"}}, {"model": "api.material", "pk": 6, "fields": {"name": "Ткань", "image": "materials/TEXTILE_stAwzHW.jpg"}}, {"model": "api.material", "pk": 7, "fields": {"name": "Камень", "image": "materials/STONE_TdzAg7H.jpg"}}, {"model": "api.color", "pk": 2, "fields": {"name": "Красный"}}, {"model": "api.color", "pk": 3, "fields": {"name": "Синий"}}, {"model": "api.color", "pk": 4, "fields": {"name": "Желтый"}}, {"model": "api.color", "pk": 5, "fields": {"name": "Зеленый"}}, {"model": "api.color", "pk": 6, "fields": {"name": "Оранжевый"}}, {"model": "api.color", "pk": 7, "fields": {"name": "Фиолетовый"}}, {"model": "api.color", "pk": 8, "fields": {"name": "Коричневый"}}, {"model": "api.color", "pk": 9, "fields": {"name": "Серый"}}, {"model": "api.color", "pk": 10, "fields": {"name": "Белый"}}, {"model": "api.product", "pk": 3, "fields": {"name": "HENGE t024", "title": "Стол", "price": "390000.00", "main_image": 9, "description": "Массивный деревянный стол, собирающий вокруг себя людей и являющийся смысловым центром помещения. Каркас стола подчеркивается графичными металлическими элементами и повторяемостью опор, что отсылает их к архитектурным колоннам.", "year_created": 2024, "size": "2400x1150x730", "collection": 2, "materials": [2, 4], "colors": [8]}}, {"model": "api.product", "pk": 4, "fields": {"name": "STACK c006", "title": "Комод", "price": "620000.00", "main_image": 12, "description": "Дизайн \"Stack\" отличают четкие линии и продуманные детали. Фасад состоит из системы нависающих повторяющихся элементов, смещенных таким образом, чтобы создавать эффект ярусов и подчеркивать функциональность.", "year_created": 2024, "size": "3600x500x500", "collection": 2, "materials": [2, 5], "colors": [4]}}, {"model": "api.product", "pk": 5, "fields": {"name": "GRACE t009", "title": "Стол", "price": "560000.00", "main_image": 14, "description": "Особенностью стола \"Grace\" является его воздушность и легкость, благодаря чему он легко впишется в любой интерьер, не загромождая пространство. Он идеально подходит как для рабочих задач, так и для приема гостей, создавая комфорт и уют.", "year_created": 2020, "size": "2000x1100x730", "collection": 3, "materials": [2, 4], "colors": [8]}}, {"model": "api.product", "pk": 6, "fields": {"name": "ARTHUR c007", "title": "Комод", "price": "765000.00", "main_image": 16, "description": "Комод \"Arthur\" объединяет в себе идеальное сочетание элегантности и функциональности, предлагая утонченный и современный дизайн, который станет украшением любого интерьера. Изготовленный из высококачественного дерева с богатой текстурой, этот комод привносит тепло и естественную красоту в ваш дом.", "year_created": 2021, "size": "3000x500x700", "collection": 3, "materials": [2, 4], "colors": [2]}}, {"model": "api.product", "pk": 7, "fields": {"name": "VERSA s013", "title": "Диван", "price": "820000.00", "main_image": 19, "description": "Versa — это элегантный диван, который сочетает в себе стиль и функциональность, идеально подходящий для современных интерьеров. Его утонченный дизайн и качественные материалы создают атмосферу уюта и комфорта, превращая любое пространство в уютное место для отдыха.", "year_created": 2024, "size": "3000x1500x650", "collection": 2, "materials": [2, 3], "colors": [8, 9]}}, {"model": "api.product", "pk": 8, "fields": {"name": "RUSTIC ch003", "title": "Стул", "price": "125000.00", "main_image": 20, "description": "Стул из металлического каркаса сочетает в себе простоту и ясность образа с яркими акцентными элементами, - деревянной спинке, отсылающей к дизайну Bauhaus, и сиденью из яркой ткани. Стул Rustic воплощает в себе естественную красоту и прочность дерева, соединяя в своем дизайне традиции и современность.", "year_created": 2024, "size": "400x400x700", "collection": 2, "materials": [2, 4, 6], "colors": [2, 3, 4, 5, 9]}}, {"model": "api.product", "pk": 9, "fields": {"name": "REDWOOD t016", "title": "Стол", "price": "490000.00", "main_image": 26, "description": "Воплощение элегантной простоты и натуральной красоты, стол Redwood изготовлен из высококачественной древесины красного дерева. Этот массивный стол привносит в интерьер тепло и естественную эстетику, создавая уютную и стильную атмосферу. Четкие линии и минималистичный дизайн акцентируют внимание на текстуре и оттенках древесины, делая его идеальным выбором для современных и классических интерьеров.", "year_created": 2024, "size": "2200x1150x730", "collection": 2, "materials": [2], "colors": [8, 2]}}, {"model": "api.product", "pk": 10, "fields": {"name": "AURELIUS t011", "title": "Стол", "price": "645000.00", "main_image": 28, "description": "Стол Aurelius воплощает в себе сочетание изысканности и функциональности. Его изящный дизайн с гладкими линиями и массивными цилиндрическими ножками придает интерьеру ощущение легкости и современности. Столешница, выполненная из высококачественного дерева, прекрасно сочетается с металлическими элементами, создавая гармоничный баланс между теплотой натурального материала и прохладной элегантностью металла.", "year_created": 2021, "size": "2200x1150x730", "collection": 3, "materials": [2, 4], "colors": [8]}}, {"model": "api.product", "pk": 11, "fields": {"name": "FLOW t002", "title": "Стол", "price": "375000.00", "main_image": 29, "description": "Стол Flow представляет собой воплощение минимализма и элегантности. Его лаконичный дизайн с четкими линиями и простыми формами создаёт впечатление лёгкости и изысканности. Столешница из тёмного дерева контрастирует с тонкими белыми металлическими ножками, что придаёт столу современный и стильный вид.", "year_created": 2020, "size": "2000x1050x730", "collection": 3, "materials": [2, 4], "colors": [8]}}, {"model": "api.product", "pk": 12, "fields": {"name": "MODUS ch004", "title": "Стул", "price": "142500.00", "main_image": 31, "description": "Стул Modus воплощает в себе суть современного минимализма и функциональности. Его конструкция, состоящая из чистых, прямых линий, придает ему утонченный и стильный вид. Каркас стула выполнен из высококачественного металла, который обеспечивает прочность и долговечность. Сиденье и спинка обтянуты кожей, добавляя элемент роскоши и комфорта.", "year_created": 2023, "size": "400x400x700", "collection": 3, "materials": [2, 3, 4], "colors": [8]}}, {"model": "api.product", "pk": 13, "fields": {"name": "AMELI t003", "title": "Стол", "price": "540000.00", "main_image": 32, "description": "Стол Ameli гармонично сочетает в себе минимализм и функциональность. Его элегантный дизайн с четкими линиями и геометрическими формами придает современный и утонченный вид любому интерьеру. Каркас стола выполнен из высококачественного металла, что обеспечивает прочность и стабильность конструкции, а столешница из натурального дерева добавляет тепла и уюта.", "year_created": 2020, "size": "2000x1100x730", "collection": 3, "materials": [2, 4], "colors": [8]}}, {"model": "api.product", "pk": 14, "fields": {"name": "LEDGE c028", "title": "Комод", "price": "645000.00", "main_image": 33, "description": "Комод Arctic сочетает в себе минималистичный дизайн и современную эстетику. Изящные линии и чистые формы создают ощущение легкости и воздушности. Корпус комода выполнен из прочного металла с матовой отделкой, которая придает изделию строгий и лаконичный вид.", "year_created": 2021, "size": "1300x500x700", "collection": 1, "materials": [4, 5], "colors": [3]}}, {"model": "api.product", "pk": 15, "fields": {"name": "AURA t025", "title": "Стол", "price": "225000.00", "main_image": 35, "description": "Стол \"Aura\" идеально сочетает в себе природную красоту и современный дизайн. Массивные, но элегантные линии конструкции подчеркивают естественный вид древесины. Этот стол добавит уникальный стиль и шарм вашему интерьеру, став центральным элементом в комнате.", "year_created": 2024, "size": "1200x700x280", "collection": 2, "materials": [2], "colors": [8]}}, {"model": "api.product", "pk": 16, "fields": {"name": "OASIS s016", "title": "Диван", "price": "780000.00", "main_image": 37, "description": "Диван Oasis - это сочетание комфорта и современного дизайна, создающее идеальное место для отдыха и релаксации. Его уникальная конструкция включает мягкие кубические элементы, выполненные в стильной обивке, которые придают дивану особую изюминку. Основной корпус дивана выполнен в нейтральном сером оттенке, гармонично сочетающемся с яркими и свежими зелеными тонами сидений, создавая эффект оазиса спокойствия и уюта в вашем доме.", "year_created": 2021, "size": "3300x1200x600", "collection": 3, "materials": [3], "colors": [9, 4]}}, {"model": "api.product", "pk": 17, "fields": {"name": "TUTEL c005", "title": "Комод", "price": "865000.00", "main_image": 39, "description": "Комод \"Tutel\" объединяет в себе идеальное сочетание элегантности и функциональности, предлагая утонченный и современный дизайн, который станет украшением любого интерьера. Изготовленный из высококачественного дерева с богатой текстурой, этот комод привносит тепло и естественную красоту в ваш дом.", "year_created": 2021, "size": "3000x500x700", "collection": 3, "materials": [2, 4], "colors": [9]}}, {"model": "api.product", "pk": 18, "fields": {"name": "SERENE c020", "title": "Комод", "price": "620000.00", "main_image": 40, "description": "Комод Serene сочетает в себе элегантность и функциональность, создавая гармоничное дополнение к любому интерьеру. Его чистые линии и современный дизайн подчеркивают красоту натурального дерева, создавая ощущение спокойствия и уюта в вашем доме.", "year_created": 2020, "size": "2800x500x500", "collection": 3, "materials": [2, 4], "colors": [8]}}, {"model": "api.product", "pk": 19, "fields": {"name": "SOLSTICE t001", "title": "Стол", "price": "740000.00", "main_image": 41, "description": "Стол Solstice представляет собой гармоничное сочетание современной эстетики и функциональности. Его уникальный дизайн, объединяющий натуральное дерево и металлические акценты, создает визуальный контраст и подчеркивает его стиль.", "year_created": 2020, "size": "2200x1150x730", "collection": 3, "materials": [2, 4], "colors": [8, 2]}}, {"model": "api.product", "pk": 20, "fields": {"name": "BLOOM t021", "title": "Консоль", "price": "445000.00", "main_image": 42, "description": "Консоль Bloom привлекает внимание своим инновационным и элегантным дизайном, напоминающим распустившийся цветок. Изготовленная из прозрачного тонированного стекла, она создает ощущение легкости и воздушности, позволяя свету проходить сквозь нее и создавая завораживающие световые эффекты.", "year_created": 2021, "size": "400x400x600", "collection": 3, "materials": [5], "colors": [2, 6]}}, {"model": "api.product", "pk": 21, "fields": {"name": "ORDER s004", "title": "Стеллаж", "price": "120000.00", "main_image": 45, "description": "Стеллаж Vertex выделяется своим минималистичным дизайном и функциональностью. Изготовленный из высококачественного алюминия, он сочетает в себе прочность и легкость. Четкие линии и геометрическая форма придают ему современный и стильный вид, который гармонично впишется в любой интерьер. Стеллаж имеет пять полок, обеспечивающих достаточное пространство для хранения книг, декоративных элементов или других предметов.", "year_created": 2023, "size": "500x400x1700", "collection": 3, "materials": [4, 5], "colors": [9, 10]}}, {"model": "api.product", "pk": 22, "fields": {"name": "BATTER S007", "title": "Диван", "price": "890000.00", "main_image": 48, "description": "Диван Batter S007 — это современное воплощение минимализма и комфорта. Выполнен из высококачественной кожи, которая придаёт изделию не только изысканный вид, но и долговечность. Благодаря габаритам, диван обеспечивает достаточно места для комфортного отдыха. Этот уникальный дизайн привнесет в ваш интерьер нотки современности и элегантности.", "year_created": 2024, "size": "3300x1200x600", "collection": 2, "materials": [3], "colors": [9, 10]}}, {"model": "api.productimage", "pk": 9, "fields": {"image": "products/Arthur.jpg", "product": 3, "is_main": false}}, {"model": "api.productimage", "pk": 10, "fields": {"image": "products/Arthur_2.jpg", "product": 3, "is_main": false}}, {"model": "api.productimage", "pk": 11, "fields": {"image": "products/Arthur_3.jpg", "product": 3, "is_main": false}}, {"model": "api.productimage", "pk": 12, "fields": {"image": "products/Solace.jpg", "product": 4, "is_main": false}}, {"model": "api.productimage", "pk": 13, "fields": {"image": "products/Solace_2.jpg", "product": 4, "is_main": false}}, {"model": "api.productimage", "pk": 14, "fields": {"image": "products/Grace.jpg", "product": 5, "is_main": false}}, {"model": "api.productimage", "pk": 15, "fields": {"image": "products/Grace_2.jpg", "product": 5, "is_main": false}}, {"model": "api.productimage", "pk": 16, "fields": {"image": "products/Aurora.jpg", "product": 6, "is_main": false}}, {"model": "api.productimage", "pk": 17, "fields": {"image": "products/Versa.jpg", "product": 7, "is_main": false}}, {"model": "api.productimage", "pk": 18, "fields": {"image": "products/Versa_2.jpg", "product": 7, "is_main": false}}, {"model": "api.productimage", "pk": 19, "fields": {"image": "products/Versa_3.jpg", "product": 7, "is_main": false}}, {"model": "api.productimage", "pk": 20, "fields": {"image": "products/Linear_Harmony.jpg", "product": 8, "is_main": false}}, {"model": "api.productimage", "pk": 21, "fields": {"image": "products/Linear_Harmony_2.jpg", "product": 8, "is_main": false}}, {"model": "api.productimage", "pk": 22, "fields": {"image": "products/Linear_Harmony_3.jpg", "product": 8, "is_main": false}}, {"model": "api.productimage", "pk": 23, "fields": {"image": "products/Linear_Harmony_4.jpg", "product": 8, "is_main": false}}, {"model": "api.productimage", "pk": 24, "fields": {"image": "products/Linear_Harmony_5.jpg", "product": 8, "is_main": false}}, {"model": "api.productimage", "pk": 25, "fields": {"image": "products/Linear_Harmony_6.jpg", "product": 8, "is_main": false}}, {"model": "api.productimage", "pk": 26, "fields": {"image": "products/Redwood.jpg", "product": 9, "is_main": false}}, {"model": "api.productimage", "pk": 27, "fields": {"image": "products/Redwood_2.jpg", "product": 9, "is_main": false}}, {"model": "api.productimage", "pk": 28, "fields": {"image": "products/Aurelius.jpg", "product": 10, "is_main": false}}, {"model": "api.productimage", "pk": 29, "fields": {"image": "products/Flow.jpg", "product": 11, "is_main": false}}, {"model": "api.productimage", "pk": 30, "fields": {"image": "products/Flow_2.jpg", "product": 11, "is_main": false}}, {"model": "api.productimage", "pk": 31, "fields": {"image": "products/Modern_Edge.jpg", "product": 12, "is_main": false}}, {"model": "api.productimage", "pk": 32, "fields": {"image": "products/Ameli.jpg", "product": 13, "is_main": false}}, {"model": "api.productimage", "pk": 33, "fields": {"image": "products/Arctic.jpg", "product": 14, "is_main": false}}, {"model": "api.productimage", "pk": 34, "fields": {"image": "products/Arctic_2.jpg", "product": 14, "is_main": false}}, {"model": "api.productimage", "pk": 35, "fields": {"image": "products/Rustic_.jpg", "product": 15, "is_main": false}}, {"model": "api.productimage", "pk": 36, "fields": {"image": "products/Rustic__2.jpg", "product": 15, "is_main": false}}, {"model": "api.productimage", "pk": 37, "fields": {"image": "products/Oasis.jpg", "product": 16, "is_main": false}}, {"model": "api.productimage", "pk": 38, "fields": {"image": "products/Oasis_2.jpg", "product": 16, "is_main": false}}, {"model": "api.productimage", "pk": 39, "fields": {"image": "products/Tutel.jpg", "product": 17, "is_main": false}}, {"model": "api.productimage", "pk": 40, "fields": {"image": "products/Serene.jpg", "product": 18, "is_main": false}}, {"model": "api.productimage", "pk": 41, "fields": {"image": "products/Solstice.jpg", "product": 19, "is_main": false}}, {"model": "api.productimage", "pk": 42, "fields": {"image": "products/bloom-1.jpg", "product": 20, "is_main": false}}, {"model": "api.productimage", "pk": 43, "fields": {"image": "products/bloom-2.jpg", "product": 20, "is_main": false}}, {"model": "api.productimage", "pk": 44, "fields": {"image": "products/bloom-3.jpg", "product": 20, "is_main": false}}, {"model": "api.productimage", "pk": 45, "fields": {"image": "products/Vertex_.jpg", "product": 21, "is_main": false}}, {"model": "api.productimage", "pk": 46, "fields": {"image": "products/Vertex__2.jpg", "product": 21, "is_main": false}}, {"model": "api.productimage", "pk": 48, "fields": {"image": "products/BATTER_1.jpg", "product": 22, "is_main": true}}, {"model": "api.productimage", "pk": 49, "fields": {"image": "products/BATTER_2.jpg", "product": 22, "is_main": false}}, {"model": "api.aboutpagesettings", "pk": 1, "fields": {"top_image": "about_page/carpenter.webp", "bottom_image": "about_page/production.webp"}}]
